date,open,high,low,close,volume
2025-11-19,1115,1180,1100,1120,11118000
2025-11-20,1190,1190,1065,1180,14641000
2025-11-21,1065,1065,1065,1065,1663000
2025-11-24,1060,1085,1030,1055,9222000
2025-11-25,1160,1160,1095,1100,9893000
2025-11-26,1115,1115,1000,1015,10207000
2025-11-27,1055,1070,1035,1055,5719000
2025-11-28,1055,1150,1045,1120,8331000
2025-12-01,1130,1145,1100,1105,4896000
2025-12-02,1115,1125,1070,1070,5449000
2025-12-03,1085,1130,1070,1070,5181000
2025-12-04,1055,1060,1015,1030,6183000
2025-12-05,1050,1090,1025,1080,5224000
2025-12-08,1110,1160,1095,1155,8922000
2025-12-09,1155,1180,1125,1155,5686000
2025-12-10,1160,1165,1110,1125,5109000
2025-12-11,1155,1165,1105,1105,4456000
2025-12-12,1125,1155,1120,1125,5098000
2025-12-15,1080,1150,1075,1125,6749000
2025-12-16,1105,1130,1020,1045,8742000
2025-12-17,1055,1115,1050,1095,7923000
2025-12-18,1105,1150,1070,1080,10917000
2025-12-19,1120,1125,1090,1110,8101000
2025-12-22,1160,1185,1145,1175,10193000
2025-12-23,1235,1235,1170,1175,9317000
2025-12-24,1190,1290,1180,1290,13196000
2025-12-26,1310,1315,1285,1310,9350000
2025-12-29,1310,1355,1290,1340,7163000
2025-12-30,1340,1365,1330,1340,6142000
2025-12-31,1470,1470,1400,1450,13499000
2026-01-02,1455,1470,1425,1445,6758000
2026-01-05,1485,1505,1450,1470,8184000
2026-01-06,1480,1615,1465,1615,10669000
2026-01-07,1755,1755,1650,1675,3898000
2026-01-08,1655,1710,1655,1700,2453000
2026-01-09,1660,1660,1530,1630,3980000
2026-01-12,1690,1790,1660,1775,3162000
2026-01-13,1805,1805,1690,1770,2499000
2026-01-14,1750,1775,1740,1775,1490000
2026-01-15,1765,1810,1765,1795,1585000
2026-01-16,1860,1915,1855,1890,2204000
2026-01-19,1940,2025,1940,1980,2887000
2026-01-20,1860,2005,1860,2005,2800000
2026-01-21,2050,2145,1880,1905,14595000
2026-01-22,2075,2095,1990,2055,9905000
2026-01-23,2055,2075,1965,2000,5867000
2026-01-26,2075,2145,2015,2075,5655000
2026-01-27,2080,2170,2040,2120,5536000
2026-01-28,2225,2285,2155,2285,7748000
2026-01-29,2345,2370,2235,2305,8367000
2026-01-30,2365,2465,2320,2380,8690000
2026-02-02,2250,2260,2145,2145,7455000
2026-02-03,2275,2275,1935,1990,18172000
2026-02-04,1985,2085,1955,2055,8195000
2026-02-05,1975,2070,1965,2020,6831000
2026-02-06,1865,1980,1820,1895,15771000
2026-02-09,1990,1995,1870,1925,7582000
2026-02-10,1925,1935,1795,1825,8619000
2026-02-11,1795,1895,1795,1855,5304000
2026-02-23,1980,2020,1910,1925,6698000
2026-02-24,1955,2085,1930,2070,5232000
2026-02-25,2010,2015,1895,1925,11113000
2026-02-26,1915,1935,1820,1890,7400000
2026-03-02,1835,1930,1830,1920,3786000
2026-03-03,1945,1945,1755,1755,8396000
2026-03-04,1695,1750,1610,1705,9692000
2026-03-05,1860,1865,1775,1800,5225000
2026-03-06,1790,1840,1720,1770,5997000
2026-03-09,1595,1690,1595,1605,10242000
2026-03-10,1725,1765,1695,1745,6093000
2026-03-11,1815,1905,1795,1890,7504000
2026-03-12,1890,1910,1810,1810,5399000
2026-03-13,1780,1820,1760,1800,4243000
2026-03-16,1875,1980,1865,1980,8666000
2026-03-17,2020,2070,1935,1945,11263000
2026-03-18,2040,2080,1935,1975,8609000
2026-03-19,1935,2015,1930,1960,5798000
2026-03-20,1985,1995,1835,1915,10895000
2026-03-23,1825,1870,1785,1800,4627000
2026-03-24,1830,1835,1620,1685,11437000
2026-03-25,1770,1780,1700,1725,4525000
2026-03-26,1720,1760,1650,1650,5544000
2026-03-27,1570,1605,1485,1565,10157000
2026-03-30,1540,1630,1540,1605,6689000
2026-03-31,1540,1625,1475,1500,10038000
2026-04-01,1635,1650,1595,1650,5079000
2026-04-02,1680,1680,1545,1555,8471000
2026-04-07,1625,1635,1550,1570,5002000
2026-04-08,1660,1725,1630,1725,7766000
2026-04-09,1725,1730,1605,1615,8016000
2026-04-10,1660,1745,1635,1660,7565000
2026-04-13,1705,1795,1695,1720,7824000
2026-04-14,1820,1840,1760,1760,8065000
2026-04-15,1805,1805,1620,1630,11246000
2026-04-16,1640,1660,1580,1585,8142000
2026-04-17,1600,1640,1565,1570,7263000
2026-04-20,1580,1675,1555,1635,6500000
2026-04-21,1675,1795,1665,1765,9409000
2026-04-22,1775,1820,1725,1775,8313000
2026-04-23,1860,1880,1655,1705,10679000
2026-04-24,1720,1730,1640,1680,6873000
2026-04-27,1750,1840,1750,1835,9872000
2026-04-28,1900,1990,1865,1970,12851000
2026-04-29,1965,2075,1940,2070,12472000
2026-04-30,2175,2175,1900,1900,14442000
2026-05-04,1975,2040,1920,2010,7753000
2026-05-05,2035,2130,2000,2115,8736000
2026-05-06,2300,2325,2235,2325,12286000
2026-05-07,2395,2500,2320,2390,11786000
2026-05-08,2355,2500,2230,2430,12625000
2026-05-11,2670,2670,2670,2670,1548000
2026-05-12,2780,2860,2645,2725,14652000
2026-05-13,2645,2660,2565,2620,8140000
2026-05-14,2875,2880,2815,2880,9162000
2026-05-15,2850,2850,2650,2650,11566000
2026-05-18,2585,2755,2570,2735,7952000
2026-05-19,2605,2615,2465,2465,7906000
2026-05-20,2450,2480,2250,2265,12430000
2026-05-21,2380,2425,2305,2335,6974000
2026-05-22,2425,2480,2400,2430,5560000
2026-05-25,2450,2540,2320,2480,7374000
2026-05-26,2510,2590,2440,2505,6750000
2026-05-27,2700,2730,2455,2480,9688000
2026-05-28,2475,2535,2410,2450,6287000
2026-05-29,2530,2620,2525,2575,6008000
2026-06-01,2655,2825,2625,2770,8094000
2026-06-02,2810,2835,2690,2820,9254000
2026-06-03,2835,2835,2685,2685,10238000
2026-06-04,2635,2715,2580,2580,6962000
2026-06-05,2550,2630,2385,2450,10481000
2026-06-08,2205,2270,2205,2250,7649000
2026-06-09,2320,2370,2260,2360,4784000
2026-06-10,2305,2375,2135,2155,6248000
2026-06-11,2150,2250,2060,2200,6267000
2026-06-12,2345,2395,2305,2310,4629000
2026-06-15,2395,2400,2285,2320,5414000
2026-06-16,2350,2400,2320,2375,5243000
2026-06-17,2340,2355,2285,2330,3957000
2026-06-18,2350,2535,2335,2530,7486000
2026-06-22,2600,2670,2570,2580,6874000
2026-06-23,2565,2590,2430,2430,6341000
2026-06-24,2385,2500,2325,2500,6717000
2026-06-25,2605,2640,2475,2475,5962000
2026-06-26,2495,2540,2305,2310,5308000
2026-06-29,2320,2400,2300,2340,2517000
2026-06-30,2390,2405,2320,2385,2804000
2026-07-01,2420,2420,2255,2270,4511000
2026-07-02,2160,2240,2135,2240,3611000
2026-07-03,2200,2310,2180,2295,3387000
2026-07-06,2345,2420,2265,2290,4399000
2026-07-07,2295,2295,2135,2145,5620000
2026-07-08,2175,2210,2080,2140,3207000
2026-07-09,2190,2280,2165,2220,3699000
2026-07-13,2275,2275,2155,2170,2694000
2026-07-14,2175,2200,1955,2050,6100000
2026-07-15,2110,2190,2070,2105,4551000
2026-07-16,2035,2040,1960,1980,5060000
2026-07-17,1860,1870,1785,1785,6213000
2026-07-20,1800,1820,1685,1735,4456000
2026-07-21,1800,1855,1775,1855,2774000
2026-07-22,1940,1995,1915,1915,4045000
2026-07-23,1940,1960,1895,1920,2940000
2026-07-24,1900,1970,1820,1825,4735000
2026-07-27,1805,1820,1730,1820,4004000
2026-07-28,1680,1685,1640,1650,4242000
2026-07-29,1620,1620,1485,1515,8124000
2026-07-30,1485,1640,1445,1495,6921000
2026-07-31,1640,1640,1640,1640,1236000
2026-08-03,1675,1800,1670,1760,5717000
2026-08-04,1750,1850,1725,1820,4341000
2026-08-05,1900,1910,1845,1845,3551000
2026-08-06,1815,2025,1815,2025,5289000
2026-08-07,2060,2075,1970,2020,6639000
2026-08-10,2060,2080,2030,2040,4195000
2026-08-11,2035,2100,2015,2090,2872000
2026-08-12,2110,2245,2110,2210,5656000
2026-08-13,2260,2280,2175,2280,6892000
2026-08-14,2325,2325,2065,2080,14997000
2026-08-17,2110,2125,2085,2085,3980000
2026-08-18,2105,2120,2000,2000,4206000
2026-08-19,1920,1970,1905,1965,4158000
2026-08-20,2010,2080,1965,1995,3511000
2026-08-21,2005,2075,1995,2075,2955000
