date,open,high,low,close,volume
2021-08-23,70.84,71.88,69,71.74,18050270
2021-08-24,72.18,72.69,71.69,71.98,15179758
2021-08-25,72.88,77.03,72.17,74.04,31019032
2021-08-26,73.23,73.24,71.7,72.77,15104431
2021-08-27,72.46,74.15,72.15,74,12058765
2021-08-30,74.16,74.75,72.83,73.16,10213444
2021-08-31,73.69,74.62,73.32,73.7,10590274
2021-09-01,74.25,74.32,73.02,73.72,10862525
2021-09-02,73.24,74.01,72.3,73.99,11356447
2021-09-03,74.12,74.72,73.6,73.81,7225321
2021-09-07,73.73,74.49,73.16,73.64,8300510
2021-09-08,73.2,73.24,71.11,72.27,14144657
2021-09-09,71.63,73.27,71.42,72.87,10296562
2021-09-10,73.77,75.63,73.46,73.5,14403330
2021-09-13,74.43,75.22,73.52,74.35,11988905
2021-09-14,73.83,74.12,72.91,73.49,11003438
2021-09-15,72.95,73.93,71.76,73.82,11359392
2021-09-16,73.33,74.96,72.78,74.63,10361775
2021-09-17,74.49,74.5,73.32,74.3,11555954
2021-09-20,72.66,72.76,71.19,72.37,14021291
2021-09-21,72.97,73.13,71.66,72.14,9429024
2021-09-22,72.91,74.58,72.64,73.97,11326772
2021-09-23,73.61,74.79,73.25,74.04,12433977
2021-09-24,73.41,74.5,73.07,74.05,9892327
2021-09-27,73.64,75.88,73.51,75.18,14996317
2021-09-28,74.5,74.99,73.06,73.1,18241166
2021-09-29,71.18,73.32,70.22,71.64,30896629
2021-09-30,72.21,72.6,70.86,70.98,12641270
2021-10-01,71.19,71.57,70.1,70.99,12435163
2021-10-04,70.62,71.57,70.36,70.62,12389084
2021-10-05,71.21,71.21,69.61,70.5,11362573
2021-10-06,69.8,70.38,69.03,69.94,14271004
2021-10-07,70.42,71.67,70.12,70.54,11100456
2021-10-08,70.93,70.95,69.7,70.12,10726872
2021-10-11,69.85,70.36,69.18,69.22,10173836
2021-10-12,69.42,69.44,65.67,66.72,30754121
2021-10-13,66.78,67.43,66.23,66.38,13435529
2021-10-14,67.28,68.08,66.81,67.8,12367945
2021-10-15,67.96,68.46,67.48,67.68,8838052
2021-10-18,66.9,67.63,66.29,67.26,8723192
2021-10-19,67.37,67.89,66.64,67.57,12742225
2021-10-20,67.2,69.2,67.01,68.27,15813996
2021-10-21,67.96,68.7,67.67,68.64,8631526
2021-10-22,68.5,69.09,67.08,67.51,13775580
2021-10-25,69.62,71.12,68.54,68.76,18110781
2021-10-26,69.29,69.82,68.47,68.94,11763041
2021-10-27,68.52,68.7,67.45,68.24,10403566
2021-10-28,69.47,70.35,69.18,69.58,11669149
2021-10-29,68.39,69.55,68.04,69.1,7949918
2021-11-01,68.9,70.97,68.89,70.7,9227745
2021-11-02,70.47,70.85,70.04,70.76,7408772
2021-11-03,70.74,71.33,70.26,71.25,7483017
2021-11-04,72.37,72.48,71.04,72.24,9813731
2021-11-05,73,73.74,72.36,72.92,9549646
2021-11-08,73.28,75.03,73.12,74.56,14198567
2021-11-09,75.1,76.27,74.56,75.59,15516788
2021-11-10,74.16,75.15,73.2,73.41,10734750
2021-11-11,73.97,74.96,73.61,74.55,9083631
2021-11-12,75.02,78.02,74.95,77.3,20877814
2021-11-15,77.76,78.28,76.6,76.78,8989429
2021-11-16,76.5,77.15,75.78,76.81,9021794
2021-11-17,76.46,76.57,75.19,75.46,8460859
2021-11-18,76.92,77.5,75.75,77.02,12826583
2021-11-19,79,83.86,78.93,83.03,39100295
2021-11-22,83.62,87.67,83.62,83.86,26751242
2021-11-23,85.05,87.71,84.33,85.41,24636987
2021-11-24,84.77,87.16,84.61,86.21,16937861
2021-11-26,83.15,84.05,81.98,83.42,12407583
2021-11-29,84.45,86.27,84.15,86.14,13960600
2021-11-30,85.56,86.92,83.95,84,16165843
2021-12-01,86.55,89.05,85,85.15,23948637
2021-12-02,82.69,83.59,81.35,82.88,17189403
2021-12-03,83.63,84.43,80.64,81.62,13390552
2021-12-06,82.02,83.23,80.53,82.45,10626022
2021-12-07,84.4,87.04,84.33,85.83,14355462
2021-12-08,85.44,86.34,84.03,86.02,9066339
2021-12-09,85.3,86.54,84.63,84.93,8277284
2021-12-10,84.34,85.68,84.13,85.54,7636886
2021-12-13,86.61,87.38,84.2,84.35,9166207
2021-12-14,83.41,84.77,82.91,83.29,8121913
2021-12-15,83.39,85.79,82.05,85.66,10057701
2021-12-16,85.88,86.32,82.13,82.69,11870049
2021-12-17,81.61,83.29,80.94,83,13329301
2021-12-20,82.05,83.25,80.91,82.03,12771109
2021-12-21,88.99,91.14,87.35,90.68,44680560
2021-12-22,90.01,90.48,88.92,90.34,13865785
2021-12-23,90.7,95,90.35,94.42,27436510
2021-12-27,93.72,94.93,92.73,94.43,12486707
2021-12-28,93.87,93.89,92.06,92.94,10730795
2021-12-29,94,96.75,93.91,96.17,26263048
2021-12-30,94.42,95.51,93.43,93.89,13793248
2021-12-31,94.1,94.42,93.03,93.15,7603864
2022-01-03,93.96,95.84,93.48,95.75,12996704
2022-01-04,95.69,96.59,93.54,96.34,14398084
2022-01-05,95.33,98.45,94.35,94.4,20615886
2022-01-06,95.13,96.71,94.12,95.65,14234708
2022-01-07,96.08,97.19,93.94,94.45,10075034
2022-01-10,94.2,95.67,91.04,93.89,13696220
2022-01-11,92.42,94.27,91.65,94.2,10001624
2022-01-12,95.16,96.23,93.78,95.11,9372884
2022-01-13,96.59,98.11,95.3,95.62,17881156
2022-01-14,94.52,97.43,94.4,97.36,13397771
2022-01-18,95.55,95.95,92.54,92.87,14380677
2022-01-19,93.72,94.78,89.77,90,13458997
2022-01-20,90.28,90.34,84.93,85.07,18719712
2022-01-21,84.19,85.14,81.52,81.93,21931882
2022-01-24,80.31,83.04,77.64,82.95,19130863
2022-01-25,80.99,82.42,79.65,80.72,14773380
2022-01-26,83.25,84.79,80.61,81.97,15475251
2022-01-27,83.53,83.7,78.39,78.72,15930253
2022-01-28,77.37,79.28,75.52,79.27,17779562
2022-01-31,79.01,82.31,78.02,82.27,13936390
2022-02-01,82.2,82.39,80.42,81.45,10597838
2022-02-02,82.92,84.7,82.54,84.51,14205871
2022-02-03,82.67,85.18,81.71,81.97,12329523
2022-02-04,81.24,82.19,79.84,81.17,11599516
2022-02-07,81.36,82.04,80.48,80.87,7345178
2022-02-08,81.01,84.4,81,84.12,13271588
2022-02-09,84.6,88.78,83.56,88.12,16554036
2022-02-10,89.19,94.64,88.48,91.02,23939977
2022-02-11,91.3,94.58,88.95,89.76,24437171
2022-02-14,91.96,93.17,88.71,89.86,18182948
2022-02-15,91.01,96.5,91.01,96,20798982
2022-02-16,94.55,96.49,93.57,96.06,11701783
2022-02-17,95.12,96,93.49,93.73,12673599
2022-02-18,94.44,94.68,88.89,90.8,13800246
2022-02-22,89.88,93.97,88.67,90.57,18178555
2022-02-23,91.47,91.87,87.07,87.31,13319078
2022-02-24,84.18,88.94,83.79,88.83,16462654
2022-02-25,88,90.48,87.28,90.1,10986679
2022-02-28,88.6,89.75,87.15,88.86,12588381
2022-03-01,88.56,89.84,84.66,86.26,13480252
2022-03-02,87.24,94.07,87.03,93.3,21937450
2022-03-03,91.62,92.19,88.38,89.18,16659749
2022-03-04,87.51,87.51,80.51,81.91,21645162
2022-03-07,81.76,82.97,75.62,75.7,18296328
2022-03-08,76.24,80.25,73.93,77.16,20896886
2022-03-09,80.01,80.49,77.54,79.44,15050744
2022-03-10,77.76,77.76,73.81,75.72,16376734
2022-03-11,76.65,76.7,72.63,72.82,17426424
2022-03-14,71.92,72.48,68.96,69.4,19030909
2022-03-15,70.05,73.53,68.34,73.11,16529104
2022-03-16,76.57,79.71,76.15,79.67,26611401
2022-03-17,78.2,80.58,77.2,80.52,16695430
2022-03-18,79.1,81.2,78.06,79.41,20113412
2022-03-21,78.93,79.89,75.53,78.35,22149765
2022-03-22,77.71,79.73,77.51,79.12,12575596
2022-03-23,77.93,78.22,75.07,75.65,22343154
2022-03-24,75.9,78.54,75.32,78.21,16722842
2022-03-25,78.29,78.3,75.13,78.1,18218031
2022-03-28,78.63,80.18,77.27,79.86,19893851
2022-03-29,82.01,82.55,79.26,82.05,28244025
2022-03-30,84.28,86.24,78.6,79.16,58063870
2022-03-31,77.67,79.96,76.83,77.89,27882253
2022-04-01,78.43,78.91,74.06,76.18,27386605
2022-04-04,76.9,78.18,76.51,77.67,18053704
2022-04-05,76.78,78.02,74.3,74.61,16463622
2022-04-06,73.19,74.89,71.47,73.78,22637478
2022-04-07,73.77,74.68,72.13,73.28,16057966
2022-04-08,72.5,72.85,70.83,72.14,16033008
2022-04-11,70.55,72.91,70.09,72.03,15995035
2022-04-12,72.77,73.59,71.57,71.96,14482554
2022-04-13,72.48,73.75,71.86,72.38,14866389
2022-04-14,72.6,72.81,70.09,70.13,13939901
2022-04-18,70.25,72.1,70.05,71.15,14534475
2022-04-19,71.05,73.41,70.77,72.73,10657823
2022-04-20,73.87,76.23,72.89,73.2,14185030
2022-04-21,73.97,74.49,70.65,70.92,13953857
2022-04-22,70.69,70.98,69.31,69.41,13666399
2022-04-25,68.42,70.17,67.93,70.12,14833668
2022-04-26,68.72,69.16,67.04,67.08,13122172
2022-04-27,66.38,68.48,65.86,66.47,12915919
2022-04-28,67.68,70.81,67.06,70.18,14359278
2022-04-29,69.1,71.34,68.02,68.19,11383511
2022-05-02,68.21,70.74,67.58,70.6,10914880
2022-05-03,70.5,71.96,70.2,71.26,9956174
2022-05-04,71.77,73.9,70.16,73.62,12079017
2022-05-05,72.38,72.56,70.36,71.29,10999524
2022-05-06,70.55,71.91,68.89,70.35,10492667
2022-05-09,69.11,71.4,67.48,67.93,14795555
2022-05-10,69.56,70.59,67.61,68.91,12059387
2022-05-11,68.61,70.88,66.82,66.96,12387072
2022-05-12,66.1,68.91,65.87,67.71,20085867
2022-05-13,69.04,72.63,68.02,71.92,16370883
2022-05-16,71.48,72.04,70.32,70.47,10183475
2022-05-17,72.41,74.73,72.14,74.48,12715097
2022-05-18,73.25,74.22,70.09,71.05,15284521
2022-05-19,70.76,71.7,69.05,69.4,13249015
2022-05-20,70.6,70.69,66.11,68.9,14487541
2022-05-23,68.77,70.2,68.52,69.59,8192430
2022-05-24,68.29,68.41,66.01,66.62,14069305
2022-05-25,65.95,68.85,65.87,67.87,10986806
2022-05-26,66.37,71.04,66.35,70.6,10786594
2022-05-27,71.83,73.44,71.64,73.32,9382508
2022-05-31,73.47,74.48,71.93,73.84,9481631
2022-06-01,74.47,75.39,72.55,73.55,10084897
2022-06-02,73.13,75.41,73.13,75.37,8017678
2022-06-03,71.68,71.69,69.11,69.94,23728647
2022-06-06,70.74,72.14,70.01,70.45,10512580
2022-06-07,68.68,70.87,68.12,70.76,10514347
2022-06-08,69.85,70.4,67.76,68.6,12602388
2022-06-09,67.93,68.69,66,66.02,11126370
2022-06-10,64.95,65.56,62.28,62.62,20653005
2022-06-13,60.02,60.96,58.58,58.84,17622896
2022-06-14,59.43,59.88,57.72,58.7,12330672
2022-06-15,59.33,60.08,57.55,59.12,15072548
2022-06-16,57,57,54.25,55.01,16848511
2022-06-17,55.9,56.32,53.6,55.75,16027471
2022-06-21,56.82,57.92,56.34,56.8,11213897
2022-06-22,55.96,57.14,55.6,56.34,10028224
2022-06-23,56.61,56.83,54.95,56.22,8786614
2022-06-24,57.13,59,57.13,58.44,10341498
2022-06-27,59.54,60.05,58.37,58.78,10555240
2022-06-28,58.98,60.59,57.81,57.86,13432088
2022-06-29,57.24,57.52,55.32,56.02,13138792
2022-06-30,54.99,56.41,54.22,55.28,16730267
2022-07-01,53.39,53.96,51.4,53.65,35446587
2022-07-05,52.23,56.89,52.09,56.73,26144575
2022-07-06,56.85,58.12,56.46,57.37,16935092
2022-07-07,59.01,59.31,57.84,58.85,17982670
2022-07-08,58.19,60.43,58.1,59.14,15219249
2022-07-11,58.18,58.61,57.71,57.81,9584736
2022-07-12,58.41,60.08,58.1,59.18,16299361
2022-07-13,57.38,59.42,57.36,58.86,10716613
2022-07-14,57.97,59.66,57.32,59.35,11288993
2022-07-15,61.48,61.7,59.4,61.53,14705775
2022-07-18,62.02,62.33,60.14,60.45,10048799
2022-07-19,61.47,62.76,61.38,62.4,13546643
2022-07-20,62.21,63.52,61.85,63.3,11447857
2022-07-21,62.6,63.68,61.93,63.64,9245776
2022-07-22,61.28,62.92,61.01,61.29,16628321
2022-07-25,61.24,61.83,59.71,60.15,10530437
2022-07-26,60.31,60.69,59.55,59.66,8080511
2022-07-27,60.5,62.39,59.61,61.89,9929163
2022-07-28,62.31,62.31,60.19,62.07,7448583
2022-07-29,61.35,62.09,60.77,61.86,9883837
2022-08-01,62.5,63.99,62,62.54,9959981
2022-08-02,61.76,63.3,60.88,62.47,8726574
2022-08-03,62.5,64.53,62.43,64.25,7976037
2022-08-04,64.12,64.99,63.65,64.85,8105168
2022-08-05,62.87,63.22,61.79,62.46,10583104
2022-08-08,61.89,62.62,60.98,61.45,8078829
2022-08-09,59,60.54,57.74,59.15,24703310
2022-08-10,59.96,61.57,59.39,61.4,12182860
2022-08-11,62.02,64.11,62,62.32,13313466
2022-08-12,62.7,65.42,62.23,65.04,11844541
2022-08-15,64.72,65.12,63.89,64.7,7278755
2022-08-16,64.12,64.56,63.22,63.86,6973032
2022-08-17,62.83,62.83,60.76,61.62,10907705
2022-08-18,61.68,63.42,61.25,62.98,8010032
2022-08-19,61.79,62.25,60.28,60.51,9270372
2022-08-22,59.56,59.61,57.96,58.31,9072561
2022-08-23,58.32,59.29,57.76,57.86,9864877
2022-08-24,57.83,58.57,57.36,58.31,6276690
2022-08-25,58.6,61.27,58.58,61.2,8352174
2022-08-26,61.07,61.22,57.61,57.63,10112882
2022-08-29,57.19,58,56.52,57.01,8401393
2022-08-30,57.48,57.8,55.58,56.3,8613263
2022-08-31,56,57.16,55.81,56.53,8804702
2022-09-01,55.26,57.4,54.79,57.31,13020829
2022-09-02,58.26,58.8,56,56.33,9111565
2022-09-06,56.42,56.69,55.12,55.23,8942830
2022-09-07,55.31,55.72,54.01,55,12831487
2022-09-08,54.51,55.92,53.74,55.39,13697229
2022-09-09,56.17,57.68,56.17,57.44,9323214
2022-09-12,57.59,58.14,57.03,57.94,7349043
2022-09-13,55.7,56.24,53.14,53.62,14608462
2022-09-14,53.89,54.24,52.45,53.11,14017625
2022-09-15,52.72,53.45,51.98,52.69,10456531
2022-09-16,51.96,53.01,51.49,52.85,13160830
2022-09-19,51.99,52.77,51.88,52.1,14159222
2022-09-20,51.57,51.65,50.59,50.8,13937785
2022-09-21,49.74,52.51,49.71,50.1,24075302
2022-09-22,49.79,50.37,49.34,49.66,16583826
2022-09-23,49.37,50.15,48.45,50.1,19368718
2022-09-26,49.96,50.46,48.81,48.88,14590449
2022-09-27,49.82,50.65,49.39,50.58,13104843
2022-09-28,50.13,51.19,50.1,51,12587104
2022-09-29,50.04,50.3,49.22,50.01,14718394
2022-09-30,50.54,52.06,49.81,50.1,29167783
2022-10-03,51.01,53.09,50.64,51.72,18776868
2022-10-04,53.57,54.81,52.66,53.96,18562460
2022-10-05,52.92,55.2,52.17,54.73,15904611
2022-10-06,54.4,55.11,53.3,54.62,12066704
2022-10-07,53.56,54.65,52.51,52.91,15493003
2022-10-10,53.03,53.13,50.76,51.38,12811814
2022-10-11,50.62,54.78,50.33,53.71,25723880
2022-10-12,53.6,53.77,52.39,52.75,13578634
2022-10-13,51.36,55.92,50.74,54.86,20763141
2022-10-14,55.36,55.44,52.6,52.72,14323470
2022-10-17,54.55,54.99,52.85,53.5,13780256
2022-10-18,55,55.14,51.66,52.55,15637314
2022-10-19,52.09,53.43,52.06,53.03,11422691
2022-10-20,53.5,55.1,53.17,53.7,11717300
2022-10-21,53.49,56.28,53.33,56.05,14377831
2022-10-24,56.34,56.81,55.07,56.24,10536857
2022-10-25,56.7,57.03,55.34,55.87,12210652
2022-10-26,56.08,57.44,54.96,55.45,18587240
2022-10-27,55.37,56.23,52.12,52.21,21407813
2022-10-28,51.83,54.44,51.46,54.04,13963103
2022-10-31,53.99,54.93,53.16,54.1,11632660
2022-11-01,55.09,55.44,54.11,54.86,8367964
2022-11-02,54.73,56.27,53.42,53.45,12541723
2022-11-03,52.71,54.37,51.91,53.48,9815568
2022-11-04,55.35,56.91,54.81,56.16,12716455
2022-11-07,56.43,56.82,55.46,56.56,8363151
2022-11-08,57.38,57.87,56.48,57.49,10962688
2022-11-09,56.22,56.65,55.51,55.97,13873807
2022-11-10,58.51,60.38,58.06,60.27,17335996
2022-11-11,60.68,63.18,59.88,62.52,12857018
2022-11-14,61.94,62.75,60.98,61.78,9883537
2022-11-15,63.54,64.44,62.42,63.1,10973606
2022-11-16,60.53,61.38,58.11,58.87,18732859
2022-11-17,57.3,58.99,56.51,58.74,10021323
2022-11-18,59.56,59.66,58.1,58.58,6783366
2022-11-21,57.96,58.02,56.82,57.16,6324577
2022-11-22,57.5,58.68,56.98,58.62,5617388
2022-11-23,58.24,59.06,57.75,58.93,6103453
2022-11-25,58.67,59.13,58.39,58.41,2874263
2022-11-28,57.35,57.76,55.47,55.75,10440217
2022-11-29,55.87,56.52,54.77,55.12,8954223
2022-11-30,53.58,57.68,52.61,57.65,21751335
2022-12-01,57.77,57.92,55.1,55.49,15118220
2022-12-02,54.22,55.42,53.38,54.68,11571302
2022-12-05,54.41,55.27,53.69,54.04,8588282
2022-12-06,53.89,54.63,53.24,53.68,11586418
2022-12-07,53.16,54.24,52.44,53.82,8577583
2022-12-08,54.42,55.7,54.05,55.2,9243450
2022-12-09,54.68,55.86,54.52,54.87,6486383
2022-12-12,53.52,55.38,53.33,55.35,9324765
2022-12-13,57.16,57.89,54.64,55.24,8194072
2022-12-14,55.24,56.1,54.06,54.59,6194275
2022-12-15,53.62,53.72,51.85,52.04,10390516
2022-12-16,51.72,52.54,51.62,52.07,9619516
2022-12-19,52.17,52.29,51.1,51.72,9228316
2022-12-20,51.34,51.97,50.45,50.68,11221829
2022-12-21,50.93,51.75,50.74,51.19,12107348
2022-12-22,49.46,49.97,48.43,49.43,30938505
2022-12-23,49.01,50.55,48.98,50.2,13474916
2022-12-27,49.57,50.31,48.51,50.02,10921183
2022-12-28,49.79,51.09,48.82,49.12,9101667
2022-12-29,49.4,50.93,49.34,50.65,7943740
2022-12-30,49.37,50.02,49.12,49.98,8261046
2023-01-03,50.54,50.96,49.55,50.37,8309874
2023-01-04,53.08,54.52,52.73,54.2,17682855
2023-01-05,53.9,55.39,53.89,54.71,11566672
2023-01-06,55.41,57.29,54.03,56.77,13942487
2023-01-09,56.91,57.52,55.65,56.36,10713954
2023-01-10,56.12,57.28,55.86,57.21,6598991
2023-01-11,57.35,58.47,56.92,58.06,8424630
2023-01-12,58.05,58.24,56.43,57.27,9874931
2023-01-13,56.73,56.97,56.12,56.93,8234488
2023-01-17,57.12,58.6,56.55,56.85,7493858
2023-01-18,57.46,58.05,56.36,56.51,7069437
2023-01-19,55.87,57.09,55.28,56.36,7597956
2023-01-20,57.47,58.57,56.76,58.46,9463763
2023-01-23,58.98,61.91,58.86,61.82,14652321
2023-01-24,61.07,61.72,60.87,61.26,7165702
2023-01-25,60.67,61.67,60.42,61.54,7387334
2023-01-26,62.58,63.05,61.29,62.8,8685303
2023-01-27,62.14,64.34,61.96,63.87,11436355
2023-01-30,62.77,63.28,61.69,61.71,11358462
2023-01-31,59.1,60.34,58.65,60.3,16132569
2023-02-01,60.62,63.23,60.38,62.6,14056831
2023-02-02,63.48,63.92,61.86,63.17,11161264
2023-02-03,62,63.79,61.9,62.41,7467815
2023-02-06,60.94,61.18,59.74,59.98,7433248
2023-02-07,60.1,62.39,59.7,62.13,7763208
2023-02-08,61.45,62.33,60.23,60.25,6330375
2023-02-09,61.2,61.82,59.68,60.18,6103627
2023-02-10,60.5,60.76,59.25,59.82,7461040
2023-02-13,59.82,60.28,58.84,60.12,7514355
2023-02-14,59.52,62.31,59.03,62.07,8110793
2023-02-15,61.38,61.94,60.46,61.84,6874073
2023-02-16,60.76,61.35,59.85,60.05,8115547
2023-02-17,59.86,60.18,58.51,59.01,7119700
2023-02-21,58.32,59.71,57.49,57.6,7313441
2023-02-22,57.73,58.57,56.82,56.98,7222593
2023-02-23,59.1,59.75,57.44,58.75,11186314
2023-02-24,57.74,58.37,57.35,58.18,6727095
2023-02-27,59.19,59.56,57.83,57.9,5790399
2023-02-28,57.63,58.74,57.4,57.82,6412451
2023-03-01,57.91,58.55,57.22,57.34,6616568
2023-03-02,55.44,56.7,54.72,56.43,12292248
2023-03-03,56.46,56.87,55.44,56.78,9756899
2023-03-06,57.28,58.65,56.54,56.83,10534800
2023-03-07,56.5,56.73,55.31,55.56,9515140
2023-03-08,55.84,56.92,55.35,56.89,8059363
2023-03-09,56.65,57.56,55.54,55.6,6673794
2023-03-10,55.76,56.51,54.53,54.93,9618004
2023-03-13,54.04,54.55,52.76,53.9,11819063
2023-03-14,54.86,55.42,53.7,54.27,10465026
2023-03-15,53.33,54.27,52.88,54.13,10084758
2023-03-16,53.69,56.71,53.61,56.57,10090225
2023-03-17,56.8,57.72,56.21,56.66,13554238
2023-03-20,56.7,57.87,56.08,57.64,6314573
2023-03-21,58.41,59.52,57.59,58.63,10836052
2023-03-22,58.3,60.41,58.09,58.17,12265743
2023-03-23,59.04,61.78,59.04,61.34,17512015
2023-03-24,60.51,61.4,60.5,61.16,12258094
2023-03-27,61.15,61.42,59.17,59.79,10125541
2023-03-28,59.84,59.87,57.81,59.28,12579799
2023-03-29,61.04,64.42,60.87,63.54,39881247
2023-03-30,63.93,64.1,62.48,63.09,16007020
2023-03-31,60.29,61.66,59.9,60.34,27727678
2023-04-03,59.8,59.81,57.87,59.61,18131820
2023-04-04,59.69,60.1,56.96,57.27,16659039
2023-04-05,56.82,57.11,56.01,57.02,14485571
2023-04-06,56.95,59.15,56.8,58.56,16473079
2023-04-10,61.22,63.77,61,63.27,34291964
2023-04-11,63.64,64.29,63.04,63.57,17893269
2023-04-12,64.36,64.36,61.84,61.96,12372295
2023-04-13,61.51,63.37,60.79,63,17670514
2023-04-14,63.18,63.22,61.76,62.63,9769640
2023-04-17,62.22,62.77,61.97,62.54,7364696
2023-04-18,63.33,63.45,61.48,61.93,9323675
2023-04-19,60.98,61.21,60.38,60.65,8549997
2023-04-20,59.88,61.95,59.87,61.46,10351971
2023-04-21,61.08,61.45,60.73,61.13,6470811
2023-04-24,60.09,60.88,59.35,59.51,9673855
2023-04-25,59.13,59.34,58.03,58.14,10870217
2023-04-26,59.66,61.18,59.34,61.02,19169185
2023-04-27,60.71,61.96,60.13,61.9,9257830
2023-04-28,62.43,64.44,62.3,64.36,12192759
2023-05-01,63.95,64.1,62.3,62.35,8850979
2023-05-02,62.32,62.58,61.24,61.9,7871219
2023-05-03,61.5,62.18,60.81,60.91,7386963
2023-05-04,60.54,60.96,59.9,60.51,10121135
2023-05-05,60.61,61.74,60.1,61.23,8220932
2023-05-08,61.25,61.35,60.3,60.87,7154264
2023-05-09,59.84,61.39,59.55,60.93,8757076
2023-05-10,61.84,62.31,59.79,59.99,9978105
2023-05-11,60.66,61.81,60.06,61.61,11150436
2023-05-12,61.98,62.19,60.15,60.92,8753401
2023-05-15,62.23,64.87,61.8,64.64,15963689
2023-05-16,64.55,65.22,63.3,63.73,10531791
2023-05-17,64.58,65.32,63.44,64.92,10187172
2023-05-18,65.95,68.59,65.08,67.57,23578033
2023-05-19,67.53,68.39,66.43,68.17,11440901
2023-05-22,65.75,66.75,64.76,66.23,28631327
2023-05-23,65.85,67.56,65.71,66.01,10974174
2023-05-24,64.91,66.73,64.86,66.53,9390432
2023-05-25,69.76,69.88,67.51,69.61,20102439
2023-05-26,69.89,74.59,69.8,73.93,22681430
2023-05-30,74.46,74.77,71.58,71.69,15823060
2023-05-31,68.9,69.85,67.92,68.2,17230283
2023-06-01,68.85,69.79,68.09,69.09,12641353
2023-06-02,69.98,70.55,68.29,69.17,9122787
2023-06-05,69.5,69.5,67.51,67.77,8104744
2023-06-06,67.12,68.84,66.81,67.54,8522529
2023-06-07,68.41,68.67,66.94,67.06,9390659
2023-06-08,66.54,66.54,64.01,65.32,19517374
2023-06-09,65.87,66.4,64.46,65.43,10641047
2023-06-12,65.86,67.54,65.79,67.45,9657555
2023-06-13,68.56,68.88,67.6,67.87,7917075
2023-06-14,67.55,69.21,67.52,69.12,6969798
2023-06-15,68.59,69.52,68.36,68.82,6362433
2023-06-16,70.22,70.5,66.06,67.66,20180610
2023-06-20,67.31,67.62,65.77,66.9,7823322
2023-06-21,66.8,67.2,65.34,65.8,6291502
2023-06-22,65.53,66.66,65.51,66.25,5407680
2023-06-23,65.35,65.96,64.84,65.28,6615830
2023-06-26,65.63,66.7,65.41,65.45,9890811
2023-06-27,65.27,66.84,63.79,66.79,12146793
2023-06-28,65.65,67.73,65.39,67.07,15433255
2023-06-29,67.86,67.95,63.55,64.33,39545518
2023-06-30,64.48,65.1,62.9,63.11,24387979
2023-07-03,63.39,64.32,63.25,63.9,7645142
2023-07-05,63.43,63.75,62.02,62.06,12338285
2023-07-06,60.99,61.79,60.5,61.23,9582652
2023-07-07,61.43,61.49,60.62,60.65,10677928
2023-07-10,60.84,62.83,60.58,62.48,11668432
2023-07-11,62.6,63.67,62.31,63.6,9690077
2023-07-12,64.45,64.7,63.12,63.79,8332039
2023-07-13,64.18,64.65,63.55,64.53,7428723
2023-07-14,64.29,65.54,63.68,64.08,9368578
2023-07-17,63.8,65.67,63.34,65.16,7587102
2023-07-18,64.4,65.12,63.75,64.94,6856865
2023-07-19,65.63,65.76,64.8,64.96,5845455
2023-07-20,64.4,65.55,64.25,64.69,7609299
2023-07-21,65.39,66.16,64.34,65.65,7840837
2023-07-24,65.36,66.64,65.22,65.48,7178524
2023-07-25,65.4,66,65.08,65.68,5334182
2023-07-26,65,67.88,65,67.38,10063590
2023-07-27,70.48,72.34,69.96,71.07,17610093
2023-07-28,71.58,72.13,70.65,71.2,7768592
2023-07-31,71.12,71.77,70.87,71.39,6824235
2023-08-01,71,71.08,69.89,70.76,10000181
2023-08-02,69.76,69.85,67.34,68.17,8936885
2023-08-03,67.49,69.39,67.16,69.18,7552159
2023-08-04,69.5,70.94,69.13,69.91,7935884
2023-08-07,69.87,70.23,68.83,69.38,7360560
2023-08-08,68.69,68.76,66.96,67.65,10021264
2023-08-09,67.75,67.97,66.62,66.7,6924890
2023-08-10,67,67.46,64.93,65.44,8964976
2023-08-11,64.89,65.31,64.07,64.37,8234861
2023-08-14,64.26,68.48,64.2,68.28,13336892
2023-08-15,67.61,67.63,65.32,65.33,9353136
2023-08-16,65.09,65.23,64.09,64.22,6324393
2023-08-17,64.49,64.71,63.4,63.56,5791472
2023-08-18,62.38,63.86,61.75,63.59,6523775
2023-08-21,63.71,64.2,62.86,63.96,6414894
2023-08-22,64.39,65.08,63.28,63.41,5312125
2023-08-23,63.57,65.62,63.17,65.19,6757380
2023-08-24,66.14,66.24,63.37,63.69,7021114
2023-08-25,63.46,64.39,62.62,63.72,5836182
2023-08-28,65.78,66.11,64.66,65.31,7161635
2023-08-29,64.9,67.03,64.87,66.68,6355771
2023-08-30,67.24,68.7,66.52,68.09,12186437
2023-08-31,67.97,70.54,67.97,69.94,11156907
2023-09-01,70.22,70.62,69.55,70.39,6517329
2023-09-05,69.91,71.16,69.53,70.29,7278643
2023-09-06,70.13,70.66,69.64,70.41,5778046
2023-09-07,69.43,70.29,69.1,69.87,7454958
2023-09-08,69.77,70.61,69.61,70.18,5845911
2023-09-11,70.8,70.86,69.31,70.03,6291777
2023-09-12,69.93,71.69,69.79,70.31,6779933
2023-09-13,71.06,71.86,70.36,70.85,9437152
2023-09-14,71.68,72.23,71.28,71.79,6906677
2023-09-15,71.31,71.63,69.64,69.88,8257044
2023-09-18,70.63,71.06,69.91,70.5,8950842
2023-09-19,70.62,71.06,69.97,70.71,6278063
2023-09-20,71.03,72.31,69.65,69.68,9387425
2023-09-21,69,69.29,67.83,67.9,10094456
2023-09-22,68.59,69.75,67.79,68.88,8299372
2023-09-25,68.33,69.19,67.61,68.58,9757209
2023-09-26,67.97,69.05,67.59,67.94,8719934
2023-09-27,68.12,68.85,66.75,68.21,12886683
2023-09-28,65.98,67.09,63.83,65.2,30120176
2023-09-29,66.45,68.73,66.36,68.03,16102088
2023-10-02,68.25,69.28,67.06,67.96,8183907
2023-10-03,67.17,69.65,67.11,67.83,8564154
2023-10-04,68.3,68.5,67.12,68.11,7463616
2023-10-05,68.61,69.54,68.34,69.05,8401545
2023-10-06,68.71,70.33,68,69.96,8462569
2023-10-09,69.62,69.95,68.57,69.48,5094991
2023-10-10,69.5,70.11,68.89,69.07,6154803
2023-10-11,69.78,70.27,68.93,70.21,6608333
2023-10-12,70.42,70.72,69.29,69.75,6818094
2023-10-13,69.87,70.06,69.09,69.21,6428232
2023-10-16,68.98,70.03,68.14,69.08,6755347
2023-10-17,68.07,69.63,67.62,69,8545088
2023-10-18,68.01,69.55,67.97,69.14,7801499
2023-10-19,69.76,69.78,67.18,67.53,9913150
2023-10-20,67.56,68.52,67.13,67.22,7072760
2023-10-23,66.89,68.16,66.23,66.88,5877656
2023-10-24,67.26,68.35,67.13,68.07,5046609
2023-10-25,68.5,69.2,65.89,66.5,7118602
2023-10-26,66.45,67.44,63.87,64.53,11290111
2023-10-27,64.92,66.27,64.88,65.65,6527963
2023-10-30,66.4,67.55,65.17,66.07,6578489
2023-10-31,66.08,67.07,65.26,66.87,4925809
2023-11-01,66.94,69.66,66.93,69.4,10057775
2023-11-02,70.28,71.03,69.75,70.44,7587055
2023-11-03,71.3,73.19,71.15,72.58,9535731
2023-11-06,72.58,72.99,72.02,72.92,5686023
2023-11-07,72.48,73.13,71.71,72.8,4586681
2023-11-08,72.62,72.78,71.71,72.28,4499281
2023-11-09,73.54,76.1,73.49,73.57,12554514
2023-11-10,74.46,75.81,73.56,75.36,7083706
2023-11-13,74.16,75.21,73.39,74.78,6005856
2023-11-14,76.05,77.45,75.91,77.17,7577612
2023-11-15,77.5,77.5,76.31,77.14,6386897
2023-11-16,76.88,77.48,76.48,76.67,7813408
2023-11-17,76.67,77.94,76.47,77.56,5811600
2023-11-20,77.34,78.91,77.13,78.62,6368245
2023-11-21,77.85,77.93,76.3,76.71,8153387
2023-11-22,77.2,78.45,76.85,77.1,5540321
2023-11-24,76.68,77.01,76.37,76.87,2920203
2023-11-27,76.85,78.29,76.66,77.51,6843770
2023-11-28,75.08,76.24,73.98,76.12,13805588
2023-11-29,77.46,79.02,76.37,76.69,9688925
2023-11-30,76.82,77,74.97,76.12,8205291
2023-12-01,76.01,76.54,75.09,75.93,7726223
2023-12-04,75.42,75.6,73.33,74.29,6279841
2023-12-05,73.45,73.97,73.04,73.69,4917937
2023-12-06,75.16,75.4,72.93,73.13,5730373
2023-12-07,74.12,74.21,72.99,73.65,6046863
2023-12-08,73.48,75.35,73.43,74.96,6543877
2023-12-11,77.12,78.51,76.96,77.79,11582621
2023-12-12,77.42,78.26,77.09,78.16,5840413
2023-12-13,78.25,80.27,78.03,79.79,7890905
2023-12-14,80.81,82.4,80.79,82.19,10679575
2023-12-15,83.04,83.04,81.11,81.41,9848754
2023-12-18,81.59,81.86,80.81,81.56,7223062
2023-12-19,81.67,82.27,81.17,82.17,6886867
2023-12-20,81.35,81.62,78.63,78.69,16330036
2023-12-21,85.01,86.02,83.11,85.48,40095822
2023-12-22,86.17,87.49,85.62,86.49,17106015
2023-12-26,86.7,87.87,86.43,87.06,7739582
2023-12-27,87.48,87.49,86.22,86.66,5903791
2023-12-28,86.75,86.75,85.84,86,5468085
2023-12-29,85.89,86.15,85.03,85.34,5058194
2024-01-02,84,84.08,81.75,82.34,8143154
2024-01-03,81.2,82.59,80.58,82.26,8473699
2024-01-04,83.5,84.26,82.61,82.71,11568098
2024-01-05,81.48,83.53,81.01,83.45,9429097
2024-01-08,83.89,85.51,83.83,84.95,9662758
2024-01-09,83.11,84.19,82.9,83.33,7238657
2024-01-10,82.99,83.02,81.66,82.38,6921837
2024-01-11,82.8,83.45,81.82,83.39,6821878
2024-01-12,82.76,83.05,81.71,82.39,6186128
2024-01-16,82.62,85.22,82.33,84.61,9103964
2024-01-17,83.84,83.97,82.62,83.28,7000509
2024-01-18,85.28,85.82,84.04,84.82,9873805
2024-01-19,86.07,87.79,85.62,87.51,10408610
2024-01-22,88.27,89.95,88.01,89.24,9742863
2024-01-23,89,89.18,86.88,87.53,10522062
2024-01-24,88.51,88.57,86.61,88.08,12223477
2024-01-25,89.14,90.04,88.49,89.2,9970197
2024-01-26,87.23,88.5,86.29,88.05,9342265
2024-01-29,88.41,89.57,88.01,89.07,6852381
2024-01-30,88.19,88.79,85.76,86.16,8282599
2024-01-31,85.09,86.92,84.78,85.75,6343694
2024-02-01,86.07,86.19,84.61,85.61,5868426
2024-02-02,85.15,86.61,84.94,86.48,6576629
2024-02-05,86.67,87.22,85.61,86.98,4844314
2024-02-06,86.83,87.19,83.72,84.6,8255617
2024-02-07,84.14,85.28,82.47,85.17,8834071
2024-02-08,85.46,86.04,84.53,84.88,7686749
2024-02-09,85.05,85.62,83.96,85.56,8138213
2024-02-12,85.53,86.91,85.39,85.7,6250298
2024-02-13,82.47,83.55,80.76,81.53,13922402
2024-02-14,82.24,83.18,81.49,81.83,7639154
2024-02-15,82.24,82.71,81.51,81.63,7129632
2024-02-16,81.06,81.35,79.25,79.5,10436241
2024-02-20,79.34,80.77,79.15,80.71,8085951
2024-02-21,80.66,81.5,79.94,81.49,6163626
2024-02-22,85.02,86.31,83.88,85.91,11213268
2024-02-23,86.5,86.82,85.05,86,6437046
2024-02-26,89.65,92.35,88.9,89.46,20030238
2024-02-27,91.94,92.75,90.49,91.85,14585090
2024-02-28,90.46,90.79,89.3,89.71,8951097
2024-02-29,90.64,90.83,88.82,90.61,8057675
2024-03-01,91.92,96.06,91.92,95.15,16051042
2024-03-04,96.98,97.38,94.61,95.77,13161391
2024-03-05,94.28,95.37,93.27,94.47,7660617
2024-03-06,95.09,96.43,94.55,95.56,8186005
2024-03-07,98.93,99.69,97.47,98.98,17819415
2024-03-08,99.88,101.85,97.32,97.62,13415363
2024-03-11,95.9,96.46,93.52,94.51,10412965
2024-03-12,95.25,97.5,93.64,97.42,9215180
2024-03-13,95.36,95.36,93.1,94.16,9892697
2024-03-14,93.3,93.45,90.3,91.43,10167983
2024-03-15,92.48,94.7,92.02,93.25,15606856
2024-03-18,96.81,97.08,93.69,93.78,16637669
2024-03-19,92.51,94.16,91,94,15882782
2024-03-20,94.94,96.68,93.59,96.25,21576864
2024-03-21,113.37,113.5,108.78,109.85,67510941
2024-03-22,109.31,111.34,107.05,110.21,23096648
2024-03-25,110.31,121.41,110.16,117.13,43054771
2024-03-26,119.07,122.46,118.17,118.8,32562324
2024-03-27,119.32,120.12,117.08,119.25,18301364
2024-03-28,119.44,119.63,117.35,117.89,12754561
2024-04-01,119.2,127.38,119,124.3,34927831
2024-04-02,122.71,123.68,120.92,122.75,17800627
2024-04-03,122.19,128.28,121.33,128.01,29495769
2024-04-04,129.98,130.55,123.65,124.09,26568584
2024-04-05,124.4,125.69,121.2,123.58,17336193
2024-04-08,129.06,129.7,122.61,122.95,20799036
2024-04-09,124.91,126.14,121.27,122.63,14045890
2024-04-10,120.27,124.48,119.91,122.2,15899984
2024-04-11,122.9,127.56,122.08,127.51,15862250
2024-04-12,125.25,125.99,121.83,122.52,15062308
2024-04-15,123.69,124.78,120.61,121.37,11839092
2024-04-16,119.53,122.55,118.36,121.77,12065389
2024-04-17,122.02,124.42,116.2,116.33,17615349
2024-04-18,116,117.62,111.48,111.93,22093031
2024-04-19,109.6,110.88,105.72,106.77,22963724
2024-04-22,107.6,110.23,106.63,109.12,12796569
2024-04-23,109.78,112.89,108.91,112.46,11114833
2024-04-24,112.73,113.95,109.23,111.78,12765414
2024-04-25,109.41,113.06,108.07,111.58,11185351
2024-04-26,112,115.06,111.6,114.84,13133609
2024-04-29,113.79,114.75,112.11,114.36,8218842
2024-04-30,114.18,116.28,112.93,112.96,8824520
2024-05-01,110.52,113.73,108.75,109.7,10727266
2024-05-02,111.74,112.41,109.43,112.33,6001890
2024-05-03,115.03,115.48,113.45,114.7,9002243
2024-05-06,119.78,121.37,118.02,120.13,15871114
2024-05-07,120.29,121.41,119.18,119.21,8715789
2024-05-08,118.58,120.47,118.22,119.32,6196965
2024-05-09,119.32,119.63,117.44,117.81,6483726
2024-05-10,120,121.85,119.18,121.24,9942813
2024-05-13,122.92,124.11,121.65,123,10671222
2024-05-14,122.99,125.04,121.67,124.81,8592348
2024-05-15,126.23,127.95,125.44,127.81,8922234
2024-05-16,127.86,130.13,127.05,127.89,9391738
2024-05-17,128.36,129.03,124.86,125.29,8595297
2024-05-20,127.18,131.02,126.64,129,12705066
2024-05-21,124.2,128.82,123.28,127.5,11236839
2024-05-22,128,128,125.24,126.28,7068829
2024-05-23,131.77,131.95,124.66,126.27,13702513
2024-05-24,127.71,130.4,126.6,129.49,8765023
2024-05-28,131.79,133.3,129.27,132.67,9607906
2024-05-29,130,133.1,129.9,131.58,6656618
2024-05-30,130.32,131.67,125.7,126.29,7739855
2024-05-31,126.43,127.32,121.01,125,13741708
2024-06-03,128.16,128.84,125.14,128.17,10967857
2024-06-04,127.35,127.86,125.42,126.64,8090878
2024-06-05,128.8,133.87,127.65,133.71,13200280
2024-06-06,133.72,134.13,129.18,130.07,10289821
2024-06-07,130.41,132.54,129.62,130.94,6867094
2024-06-10,129.71,135.67,129.71,134.82,9274773
2024-06-11,135.33,135.85,131.78,135.07,9100887
2024-06-12,138.51,141.71,136.83,140.75,11480624
2024-06-13,142.82,144.22,140.26,143.14,10697387
2024-06-14,141.88,142.49,139.65,141.36,9598214
2024-06-17,145.58,148.75,142.14,147.83,16868314
2024-06-18,151.74,157.54,151.51,153.45,31236193
2024-06-20,157.04,157.41,142.91,144.19,29859652
2024-06-21,137.65,142.6,135.7,139.54,31171488
2024-06-24,142.48,142.83,137.89,139.01,21416252
2024-06-25,140.09,141.13,137.75,141.12,20780152
2024-06-26,143.04,144.07,139.54,142.36,30325926
2024-06-27,135.79,137.39,131.08,132.23,50140175
2024-06-28,132.82,135.42,130.75,131.53,26071790
2024-07-01,130.5,132.09,127.26,131.52,16287555
2024-07-02,129.91,132.71,129.42,132.59,10394623
2024-07-03,132.66,136.81,132.43,136.82,10331018
2024-07-05,136.89,137.13,130.93,131.6,22671830
2024-07-08,131.3,133.27,130.09,130.69,14088012
2024-07-09,131.75,135.21,130.88,131.14,15440031
2024-07-10,133.11,136.5,132.7,136.39,14880305
2024-07-11,136.21,136.43,130.07,130.23,16316442
2024-07-12,131.82,134.43,130.72,133.55,12663786
2024-07-15,133.91,135.35,130.03,130.87,13369816
2024-07-16,130.49,130.97,127.24,127.49,13852638
2024-07-17,122.57,123.03,119.23,119.5,21106172
2024-07-18,120.56,121.64,114.09,117.45,20080365
2024-07-19,116.72,117.22,113.85,114.26,11511943
2024-07-22,115.27,115.58,113.64,115.28,14922399
2024-07-23,115.13,116.34,113.83,114.25,9087424
2024-07-24,111.47,114.04,110,110.28,16059844
2024-07-25,106.8,110.7,105.04,107.45,18727245
2024-07-26,110,110.63,107.78,109.41,12070695
2024-07-29,110.54,111.03,107.14,107.85,8492826
2024-07-30,108.99,109.25,102.17,102.56,15581678
2024-07-31,109.85,111.34,107.75,109.82,17207986
2024-08-01,107.18,107.86,99.96,101.51,18301333
2024-08-02,97.16,97.69,91.07,92.7,25493664
2024-08-05,87.51,92.25,84.91,90.42,26189940
2024-08-06,89.2,90.86,87.15,89,18122983
2024-08-07,93.39,93.58,86.58,86.8,20019095
2024-08-08,88.48,92.85,88.03,92.07,15251885
2024-08-09,91.79,94.53,91.45,93.08,13177914
2024-08-12,93.12,96.53,92.63,94.64,13876161
2024-08-13,96.67,97.78,94.91,97.44,16470381
2024-08-14,100.99,101.95,98.06,100.41,15269493
2024-08-15,103.51,108.05,102.75,106.95,17729711
2024-08-16,106.91,109.47,105.35,107.99,12040807
2024-08-19,107.25,108.72,104.76,108.63,10276061
2024-08-20,108.34,109.19,106.16,107.99,8557114
2024-08-21,108.16,108.4,106.21,108.33,9224406
2024-08-22,108.95,111,103.96,104.26,11342810
2024-08-23,103.05,104.41,100.31,102.85,16849228
2024-08-26,100.71,102.19,97.61,98.91,17152932
2024-08-27,97.09,98.49,96.66,97.86,11887606
2024-08-28,97.44,97.69,92.7,94.86,17136370
2024-08-29,96.51,97.98,94.99,95.57,11863097
2024-08-30,96.92,98.42,94.99,96.24,10858814
2024-09-03,93.63,93.88,88.31,88.58,16240021
2024-09-04,88.36,90.73,87.81,89.29,10491574
2024-09-05,88.12,90.7,87.76,89.39,7494083
2024-09-06,89.38,89.65,85.26,86.38,13284224
2024-09-09,87.85,87.96,85.01,86.27,12090718
2024-09-10,87,87.19,84.87,86.85,11721473
2024-09-11,88.15,90.83,86.08,90.65,13959418
2024-09-12,87.11,88.03,84.12,87.21,21659771
2024-09-13,88.01,91.47,87.87,91.22,13533167
2024-09-16,87.21,88.24,85.92,87.18,16203797
2024-09-17,88.06,89.57,87.54,88.73,11786872
2024-09-18,87.99,89.2,86.71,87.35,12379724
2024-09-19,89.43,90.39,87.58,89.25,15868770
2024-09-20,88.4,90.97,88.33,90.9,12341151
2024-09-23,92.65,94.8,92.58,93.57,16230472
2024-09-24,94.77,95,92.76,94,14926176
2024-09-25,94.16,96.18,93.93,95.77,27382739
2024-09-26,113.09,114.8,107.53,109.88,80490966
2024-09-27,110.5,110.97,107.03,107.5,28970036
2024-09-30,106.07,106.75,102.26,103.71,27496704
2024-10-01,103.4,104.2,98.94,100.31,24127163
2024-10-02,100.59,102.12,99.33,99.85,16294859
2024-10-03,99.48,102.53,99.4,101.82,15683053
2024-10-04,103.66,104.24,101.4,102.25,15429279
2024-10-07,102.29,104.6,100.81,102.91,13918428
2024-10-08,102.18,102.94,101.26,102.54,11973154
2024-10-09,102.22,102.29,100.32,101.7,12898879
2024-10-10,101.37,106.58,100.84,105.69,21072641
2024-10-11,105.01,107.65,104.99,106.92,12947985
2024-10-14,107.81,108.71,106.8,108.34,10124021
2024-10-15,107.86,109.49,102.71,104.32,14482734
2024-10-16,106.02,109.63,105.61,109.24,13778006
2024-10-17,111.35,114.1,111.01,112.05,16630830
2024-10-18,111.74,112.9,109.86,111.15,11849497
2024-10-21,111.1,111.14,107.69,109.08,9371834
2024-10-22,108.18,108.52,106.37,107.82,8082102
2024-10-23,106.56,107.1,103.54,105.05,9209254
2024-10-24,106.67,107.53,105.54,106.85,7155754
2024-10-25,108.34,109.88,107.72,107.91,7902179
2024-10-28,106.73,108.18,106.32,106.39,6812948
2024-10-29,106.59,108.75,105.6,108.18,7377118
2024-10-30,106.26,106.8,103.64,104.08,9025675
2024-10-31,102.2,102.49,99.07,99.65,11579828
2024-11-01,100.16,100.61,99.37,99.73,7973468
2024-11-04,101.49,103.79,101,101.73,8218947
2024-11-05,102.01,105.62,101.79,105.49,6560521
2024-11-06,108.38,112.32,107,111.83,12270579
2024-11-07,112.51,113.86,111.37,113.41,8776386
2024-11-08,112.14,114.3,110.56,111.9,6667290
2024-11-11,110.98,111.51,106.77,108.65,9218787
2024-11-12,104.98,105.09,102.07,104.1,14665962
2024-11-13,102.84,103.35,99.82,99.92,12298304
2024-11-14,101.39,102.29,98.56,99.18,11345039
2024-11-15,97.51,98.2,95.63,96.34,10518482
2024-11-18,96.57,98.07,95.53,97.51,6687703
2024-11-19,97.01,98.18,96.51,97.73,7369893
2024-11-20,97.98,98.53,96.53,98.37,5804677
2024-11-21,100.07,103.29,98.06,102.76,11416343
2024-11-22,102.51,103.71,101.65,102.64,7973912
2024-11-25,104.06,106.4,103.81,104.48,10670384
2024-11-26,104,104.72,100.31,101.8,12546819
2024-11-27,100.93,101.04,96.63,98.2,11737714
2024-11-29,97.24,98.2,96.1,97.95,8177043
2024-12-02,97.88,100.09,97.53,98.55,10363820
2024-12-03,101.19,103.68,99.63,99.84,16557915
2024-12-04,100.77,103.41,99.8,103.2,10266449
2024-12-05,103.88,104.25,100.61,100.87,8279008
2024-12-06,100.88,102.19,100.03,101.17,8045297
2024-12-09,100.65,104.5,100.37,102.82,8762907
2024-12-10,104.96,105,97.27,98.1,15077649
2024-12-11,99.5,102.66,98.3,102.06,9269407
2024-12-12,101.5,101.98,97.76,98.24,12912649
2024-12-13,100.71,103.2,99.66,102.5,15686747
2024-12-16,105.61,111.13,104.54,108.26,28729683
2024-12-17,110,110.49,107.68,108.6,18683989
2024-12-18,110.25,112.04,102.73,103.9,32255044
2024-12-19,90.06,91,84.61,87.09,62876923
2024-12-20,85.41,90.25,83.54,90.12,33218598
2024-12-23,90.21,91.1,88.4,89.72,16982142
2024-12-24,89.59,89.7,88.23,89.28,9623054
2024-12-26,88.56,90.63,88.1,89.82,9973772
2024-12-27,89.02,89.49,87.58,88.63,10476549
2024-12-30,86.98,87.05,84.58,85.31,14921481
2024-12-31,85.59,86.4,84.09,84.16,12934616
2025-01-02,84.98,87.65,84.74,87.33,13082049
2025-01-03,87.97,90.2,87.51,89.87,11600492
2025-01-06,95.56,101.52,95.48,99.26,30546688
2025-01-07,103.41,106.74,101.16,101.91,36921801
2025-01-08,103.04,103.48,98.3,99.41,19884251
2025-01-10,98.12,100.78,96.87,99.34,12814493
2025-01-13,95.84,96,92.88,95.06,15526501
2025-01-14,97.03,97.41,95.38,97.36,12104010
2025-01-15,99.44,103.93,99.35,103.19,17018133
2025-01-16,104.33,104.8,101.87,102.6,10113343
2025-01-17,104.62,105.88,102.5,105.75,13329082
2025-01-21,105.43,110.24,105.23,109.38,14462947
2025-01-22,109.15,110.67,107.76,109.23,13198504
2025-01-23,104.76,106.18,103.35,104.84,16269806
2025-01-24,105.5,105.72,102.72,103.19,11981725
2025-01-27,94.94,96.1,88.36,91.11,34674032
2025-01-28,92.61,93.45,88.04,88.25,25371448
2025-01-29,89.89,90.45,87.76,89.01,17700447
2025-01-30,90.68,93.16,90.3,92.5,15025350
2025-01-31,91.44,94.27,91.14,91.24,12104090
2025-02-03,88.8,91.4,88.01,89.92,10891294
2025-02-04,89.05,91.45,88.8,90.66,7204817
2025-02-05,90.4,93.65,90.22,93.6,10266523
2025-02-06,94.88,96.61,93.58,94.54,10265129
2025-02-07,95.59,95.93,91.59,92.3,10056404
2025-02-10,93.19,96.26,93.17,95.93,9395251
2025-02-11,94.25,95.84,93.56,94.08,8728723
2025-02-12,89.59,92.64,87.35,91.68,15448769
2025-02-13,92.12,96.07,92.02,95.66,10995038
2025-02-14,98.48,100.7,98,99.52,13076180
2025-02-18,102.55,107.88,102.04,106.79,18692134
2025-02-19,105.8,107.19,103.62,104.36,10727309
2025-02-20,103.98,104.85,102.34,103.18,8501340
2025-02-21,103.61,103.67,97.75,98.84,10753501
2025-02-24,100.3,100.7,95.28,95.41,8671772
2025-02-25,95.54,95.93,92.75,93.22,9778937
2025-02-26,96,99.72,95.5,97.71,13869184
2025-02-27,97.78,99.89,91.49,91.82,13548972
2025-02-28,91.07,94.46,89.87,93.63,12584953
2025-03-03,95.77,96.2,89.39,90.54,10426654
2025-03-04,90.15,93.59,86.8,91.2,14161001
2025-03-05,92.15,95.05,90.43,94.34,8366964
2025-03-06,90.9,93.29,89.03,89.27,11715763
2025-03-07,90.35,93.34,89.49,92.96,12876818
2025-03-10,89.65,91.37,85.76,87.08,13443698
2025-03-11,87.9,91.1,86.07,89.05,12840732
2025-03-12,92.53,96.99,92.24,95.64,15624956
2025-03-13,94.25,98.12,94,94.88,12758297
2025-03-14,98.75,102.78,98.75,100.79,16759275
2025-03-17,101.06,104.45,100.96,103.11,10531256
2025-03-18,101.9,103.31,100.29,101.72,8466910
2025-03-19,100.83,103.6,100.49,102.06,9171110
2025-03-20,101.51,104.69,101.35,103,13959325
2025-03-21,98.2,98.5,93.7,94.72,43107473
2025-03-24,96.05,98.42,95.33,96.94,19507081
2025-03-25,96.18,96.38,93.25,94.18,15212648
2025-03-26,95.99,96.64,90.97,92.13,17826951
2025-03-27,91.09,92.21,89.61,91.16,10827000
2025-03-28,90.6,90.89,87.6,88.44,10270758
2025-03-31,86.08,87.09,84.1,86.89,12928521
2025-04-01,88.51,88.89,86.24,88.71,9947920
2025-04-02,87.13,89.93,86.7,88.6,8585663
2025-04-03,82.92,83.35,74.21,74.34,32078868
2025-04-04,70.78,71.34,63.86,64.72,34721989
2025-04-07,63.89,72.46,61.54,68.37,34385984
2025-04-08,71.56,72.97,63.52,65.54,26359758
2025-04-09,66.2,78.56,63.7,77.87,42344083
2025-04-10,72.5,73.05,67.5,70.05,31249337
2025-04-11,69.12,70.17,66.82,69.55,21818489
2025-04-14,74.64,74.78,69.97,71.02,22929371
2025-04-15,71.11,72.8,70.55,71.04,11799728
2025-04-16,67.89,70.46,67.17,69.33,18157223
2025-04-17,70.47,70.48,67,68.8,12154682
2025-04-21,67.78,68,65.64,66.74,10475489
2025-04-22,67.54,70.4,67.44,70.21,12634449
2025-04-23,73.71,75.4,72.5,72.93,17496592
2025-04-24,74.57,77.59,73.6,77.42,15815995
2025-04-25,77.55,80.3,76.9,79.78,13011436
2025-04-28,78.77,79.61,76.92,78.56,9276790
2025-04-29,77.88,78.19,76.47,76.88,10771559
2025-04-30,73.72,77.15,73.5,76.95,11784559
2025-05-01,79.32,79.89,77.64,77.77,9233619
2025-05-02,79.64,81.67,79.1,80.72,10657443
2025-05-05,79.41,81.15,79.05,80.42,7821959
2025-05-06,79.02,81.22,78.54,80.51,7679218
2025-05-07,80.99,82.87,80.2,82.62,8403330
2025-05-08,84.25,86.21,83.36,85.15,11480521
2025-05-09,85.68,86.27,84.68,85.86,8276147
2025-05-12,92.9,94.2,91.95,92.29,17006649
2025-05-13,92.57,97.41,92.54,96.93,18352882
2025-05-14,96.26,97.65,94.32,95.32,18042278
2025-05-15,94.01,95.61,92.17,95.45,14478525
2025-05-16,95.97,98.19,95.7,98,14561541
2025-05-19,95.71,99.02,95.7,98.65,9094964
2025-05-20,97.9,98.63,96.97,98.1,7095405
2025-05-21,97.11,98.82,95.26,95.84,8864562
2025-05-22,95.41,97.22,94.37,94.83,8701670
2025-05-23,92.21,93.84,90.93,93.37,10263165
2025-05-27,95.18,96.7,94.19,96.38,10266956
2025-05-28,96.67,97.21,95.6,96.18,6150436
2025-05-29,98.52,99.63,96.11,96.8,9414540
2025-05-30,96.03,96.61,92.22,94.46,11520441
2025-06-02,94.44,99.24,94.4,98.18,11863021
2025-06-03,98.36,102.93,96.96,102.25,14212099
2025-06-04,102.45,103.91,101.7,103.25,9327667
2025-06-05,106.3,109.03,105.53,106.29,19665821
2025-06-06,108.13,111.05,108.04,108.56,13024270
2025-06-09,109.62,112.53,108.58,110.95,11300124
2025-06-10,111.67,114.93,111.23,114.14,14904614
2025-06-11,115.64,117.26,114.73,116.03,14048736
2025-06-12,114.09,116.48,113.52,116.18,10069859
2025-06-13,113.8,117.1,113.66,115.6,11114651
2025-06-16,117.81,120.97,117.32,119.84,13084221
2025-06-17,119.66,123.51,119.35,120.34,13957064
2025-06-18,120.46,122.98,120.18,121.82,11960032
2025-06-20,122.78,124.16,120.38,123.6,16865179
2025-06-23,123.67,124.51,119.81,122.08,13710882
2025-06-24,125.06,128.1,124.96,127.91,16606730
2025-06-25,126.45,127.5,125.62,127.25,18363595
2025-06-26,129.53,129.85,123.79,126,43375319
2025-06-27,125.13,127.54,123.39,124.76,19942040
2025-06-30,124.9,125.08,121.85,123.25,14466781
2025-07-01,122.31,123.99,119.08,120.89,15503830
2025-07-02,120.48,123,118.06,121.74,20621487
2025-07-03,122.29,123.63,121.83,122.29,9178097
2025-07-07,121.18,121.51,118.91,119.92,12382607
2025-07-08,122.37,125.45,121.95,124.42,14312291
2025-07-09,124.83,126.15,121.28,122.24,12926510
2025-07-10,124.3,124.35,122.02,123.11,9585094
2025-07-11,122.01,124.81,121.24,124.53,9969087
2025-07-14,120.38,120.44,117.02,118.61,22950599
2025-07-15,120.97,121.39,119.12,120.11,14329377
2025-07-16,119.05,119.09,114.81,116.43,18961767
2025-07-17,113.9,114.2,110.95,113.26,23587770
2025-07-18,114.24,114.8,113.28,114.39,11536550
2025-07-21,113.6,115.92,112.67,113.23,12708097
2025-07-22,113,113,108.12,109.22,19128022
2025-07-23,109.43,110.29,108.87,109.83,11340468
2025-07-24,111.03,112.73,110.25,111.73,13268553
2025-07-25,110.91,111.5,108.83,111.26,10110903
2025-07-28,111.72,112,109.86,111.25,8317842
2025-07-29,111.98,113.54,110.67,111.96,10706804
2025-07-30,112.6,114.89,112.41,114.74,10183303
2025-07-31,112.22,112.27,106.94,109.14,19373295
2025-08-01,105.49,106.5,103.38,104.88,14503289
2025-08-04,106.12,107.88,105.46,107.77,8585557
2025-08-05,109.3,110.64,106.83,109.06,10061255
2025-08-06,107.73,108.96,106.75,108.78,7663806
2025-08-07,114.19,115.28,110.79,111.87,12148341
2025-08-08,112.17,119.33,111.67,118.89,20685809
2025-08-11,125.01,127.28,121.65,123.72,22638135
2025-08-12,124.74,128.55,123.04,127.75,17723535
2025-08-13,127.58,128.6,123.35,124.27,11250347
2025-08-14,123.2,125.74,121.4,125.29,8044707
2025-08-15,123.17,123.38,119.44,120.87,12614751
2025-08-18,121.35,123.68,120.66,123.55,6906143
2025-08-19,122.94,124.24,121.31,122.05,7350950
2025-08-20,118.89,118.91,113.46,117.21,17436736
2025-08-21,116.78,117.73,115.61,115.79,7203332
2025-08-22,117.65,120.7,116.51,117.68,11197982
2025-08-25,117.68,118.08,116.1,116.42,5406640
2025-08-26,116,118.36,115.81,116.5,7482695
2025-08-27,116.87,118.73,116.44,117.75,10424074
2025-08-28,118.99,122.58,118.73,122,12232774
2025-08-29,122.63,122.77,118.06,119.01,9994219
2025-09-02,115.91,118.56,114.25,118.48,7537131
2025-09-03,119.36,119.44,117.29,118.72,6049929
2025-09-04,118.77,124.41,118.52,124.21,11670011
2025-09-05,127.77,131.41,125.66,131.37,19672822
2025-09-08,130.58,132.26,128.4,131.46,12382797
2025-09-09,131.89,138,131.56,135.24,14210087
2025-09-10,140.01,142.24,138.34,140,16175943
2025-09-11,147.77,156.26,147.61,150.57,35574624
2025-09-12,153.51,158.28,153.21,157.23,20628273
2025-09-15,157.12,160.34,156.55,157.77,12013313
2025-09-16,157.96,159.56,157.16,158.82,9869661
2025-09-17,157.36,160.59,155.26,159.99,12555012
2025-09-18,162.92,170.45,162.6,168.89,17325141
2025-09-19,162.75,163.7,159.38,162.73,21352274
2025-09-22,164.38,167.26,161.59,164.62,16001210
2025-09-23,165.68,168.99,165.23,166.41,20484559
2025-09-24,165.22,166,158.3,161.71,34259839
2025-09-25,157.42,158.95,154.65,156.83,19773285
2025-09-26,158.51,158.92,155.18,157.27,12814915
2025-09-29,159.89,165.8,159.89,163.9,15502406
2025-09-30,164.11,168.95,163.96,167.32,12617687
2025-10-01,165.62,182.39,165.5,182.15,28504115
2025-10-02,184.93,186.18,181.21,183.75,16068603
2025-10-03,185.21,191.85,184.92,187.83,20285178
2025-10-06,195.03,201,189.43,190.96,21129545
2025-10-07,194.99,195.3,183.24,185.69,15506585
2025-10-08,188.92,196.95,188.8,196.54,16607547
2025-10-09,192.97,196.62,189.5,192.33,11489186
2025-10-10,192.8,193.44,179.61,181.6,15709946
2025-10-13,190.81,193.4,187.99,192.77,11546546
2025-10-14,187.01,192.46,186.25,187.06,8891141
2025-10-15,192.43,192.88,187.42,191.94,10405528
2025-10-16,199.96,206.34,195.2,202.53,28871144
2025-10-17,199.28,203.39,195.55,202.38,13981725
2025-10-20,209.73,214.75,205.5,206.77,14388798
2025-10-21,204.3,205.87,200.84,202.29,8700132
2025-10-22,202.25,205.58,192.4,198.47,13014245
2025-10-23,196.5,209,195.2,206.71,11466015
2025-10-24,212.49,219.82,209.98,219.02,16838080
2025-10-27,224.81,224.98,215.74,220.1,14509230
2025-10-28,218.93,222.9,217.56,221.91,8776300
2025-10-29,228.94,232.4,226.1,226.63,12924639
2025-10-30,226.1,227.4,220.74,224.01,8802934
2025-10-31,227.71,231.25,218.82,223.77,8688973
2025-11-03,234.09,237.62,231.8,234.7,12134566
2025-11-04,222.17,228.68,217.4,218.03,12981602
2025-11-05,225.73,239.88,224.72,237.5,16980594
2025-11-06,237.84,246.41,234.88,238.33,20702494
2025-11-07,234.03,242.55,226.4,237.92,19057915
2025-11-10,248.11,257.07,247.81,253.3,16733309
2025-11-11,248.23,249.99,238.79,241.11,13924940
2025-11-12,244.9,249.19,240.84,244.9,9864143
2025-11-13,243.77,249.5,230.16,236.95,18592554
2025-11-14,231.44,255.17,231.23,246.83,22204187
2025-11-17,246.92,260.58,239.46,241.95,19961653
2025-11-18,235.5,238.93,225.52,228.5,22232362
2025-11-19,226.91,234.35,216.36,225.92,22121861
2025-11-20,230,230.6,199.6,201.37,31302355
2025-11-21,204.53,212,192.59,207.37,22142918
2025-11-24,213.37,226.11,212.36,223.93,15306998
2025-11-25,219.13,226.19,216,224.53,9493717
2025-11-26,229.58,233.83,226,230.26,10185341
2025-11-28,235.62,238.1,233.47,236.48,7831192
2025-12-01,232.29,242.36,231.5,240.46,10242796
2025-12-02,238.87,244.37,234.33,239.49,10453792
2025-12-03,236.49,237.8,228.09,234.16,11394394
2025-12-04,230.28,230.4,223.33,226.65,14538924
2025-12-05,228.72,240.57,226.68,237.22,13107433
2025-12-08,243.41,249.23,241.61,246.92,11997880
2025-12-09,244.49,255.51,242.83,252.42,10154061
2025-12-10,254.9,264.75,250.58,263.71,13891861
2025-12-11,261.65,262.85,251.55,258.46,10773244
2025-12-12,255.74,255.82,239.32,241.14,15588359
2025-12-15,247.11,250.11,236,237.5,10894950
2025-12-16,235.8,239.4,230.58,232.51,11387392
2025-12-17,236.81,237.45,221.69,225.52,18959835
2025-12-18,256.53,263.65,245,248.55,39104967
2025-12-19,251.71,268.38,251.71,265.92,29010010
2025-12-22,277.15,279.99,268.29,276.59,18289133
2025-12-23,275.92,281.86,272.32,276.27,13472648
2025-12-24,278,289.3,277.25,286.68,12821187
2025-12-26,290.79,290.87,283.42,284.79,11412212
2025-12-29,280.18,294.5,278.5,294.37,17322129
2025-12-30,294.69,298.83,292.01,292.63,15028344
2025-12-31,293.09,293.17,284.18,285.41,11706049
2026-01-02,295.13,315.6,294.86,315.42,28398137
2026-01-05,325.13,325.53,309.55,312.15,22056798
2026-01-06,318.29,344.55,318.06,343.43,33479115
2026-01-07,340.71,346.3,337.18,339.55,21732630
2026-01-08,342.91,343.66,321.36,327.02,21566238
2026-01-09,332.75,345.8,326.19,345.09,22390847
2026-01-12,340.5,348.47,339.32,345.87,13034844
2026-01-13,346.27,351.23,335.22,338.13,15281596
2026-01-14,334.84,339.1,328.2,333.35,12282558
2026-01-15,345.32,347.77,336.27,336.63,14780019
2026-01-16,353.1,365.81,352.04,362.75,27172862
2026-01-20,364.68,381.56,361.35,365,32984416
2026-01-21,372.87,394.2,366.73,389.11,37589920
2026-01-22,396.64,397.78,376.92,397.58,25590316
2026-01-23,397.18,412.43,390.74,399.65,24128523
2026-01-26,395.51,398,384.3,389.09,18449656
2026-01-27,404.71,416.45,399.6,410.24,21125780
2026-01-28,422.5,438.94,417,435.28,27418371
2026-01-29,439.71,444.71,417.7,435.79,25520255
2026-01-30,446.46,455.5,407.13,414.88,32110820
2026-02-02,412.18,442.43,410,437.8,21471425
2026-02-03,442.2,442.3,407.53,419.44,26343700
2026-02-04,410.59,413,363.9,379.4,36470876
2026-02-05,369.62,390.93,366,382.89,25002925
2026-02-06,378,396.65,372.87,394.69,21779427
2026-02-09,380.4,391.81,370.68,383.5,19428633
2026-02-10,375.9,382.79,366.06,373.25,22511420
2026-02-11,395.38,414.16,386.57,410.34,30600819
2026-02-12,423.07,438.77,411.16,413.97,29290869
2026-02-13,405.21,420.88,392.71,411.66,20578994
2026-02-17,400.95,413.66,395.3,399.78,17365343
2026-02-18,399.5,427.85,394.6,420.95,21345126
2026-02-19,415.86,420.32,407.74,417.35,14309654
2026-02-20,415.18,430.57,415,428.17,19686680
2026-02-23,422.57,431.7,415.3,420.97,16460335
2026-02-24,429.54,436.27,411.28,418.01,20743538
2026-02-25,426.5,436.89,423,429,16845583
2026-02-26,424.83,434,401.96,415.56,21833354
2026-02-27,401.79,417.96,401.18,412.37,16604852
2026-03-02,401.49,417.61,397,412.67,18180910
2026-03-03,386.55,390.09,374.55,379.68,21549758
2026-03-04,393.5,407.88,387.6,400.77,18541780
2026-03-05,398.6,404.53,380.3,397.05,18045682
2026-03-06,380.68,391.18,367.45,370.3,20284123
2026-03-09,363.96,390,357.67,389.32,21550544
2026-03-10,394.48,415.31,393.64,403.11,21552248
2026-03-11,410.77,422.75,405.79,418.69,18709303
2026-03-12,410.29,413.73,396.66,405.35,19515761
2026-03-13,413.51,429.35,413,426.13,26470565
2026-03-16,446.16,454.86,437.74,441.8,25386991
2026-03-17,452.54,462.73,445.14,461.69,25452965
2026-03-18,464.83,471.34,458.3,461.73,27990157
2026-03-19,424.84,457.22,421.11,444.27,44466328
2026-03-20,443.78,449.1,415.36,422.9,32715621
2026-03-23,426.55,430.07,401.52,404.35,32226672
2026-03-24,401.34,404.98,388.91,395.53,27001651
2026-03-25,383.07,388.92,371.38,382.09,34609241
2026-03-26,370.02,374.25,350,355.46,32973290
2026-03-27,359.95,368.7,354.06,357.22,28500299
2026-03-30,362.54,362.81,318.4,321.8,46309857
2026-03-31,321.67,337.83,311.49,337.84,47379799
2026-04-01,348.79,377.89,343,367.85,48821191
2026-04-02,341.32,366.94,340.2,366.24,34175069
2026-04-06,373.19,385.08,370.61,377.76,26636455
2026-04-07,374,379.25,364.1,377.58,24073640
2026-04-08,415.12,416,398.88,406.73,28731226
2026-04-09,407.61,423.94,398.44,421.51,28701895
2026-04-10,420.29,423.86,410.05,420.59,22273964
2026-04-13,416.19,426.88,408.5,426.56,23776926
2026-04-14,434.51,465.78,424.86,465.66,33011005
2026-04-15,457.62,463.71,439.32,456.23,26823918
2026-04-16,452.77,462.34,444.63,457.23,21318394
2026-04-17,467.11,470.97,452.2,455.07,20261575
2026-04-20,458,464.56,435.9,448.42,21242690
2026-04-21,451.21,457.82,441.3,449.38,18226021
2026-04-22,462.84,491.98,458.56,487.48,30671118
2026-04-23,482.3,493.62,471.8,481.72,25525964
2026-04-24,496.1,506.99,489.36,496.72,21145365
2026-04-27,510.55,531.36,510.01,524.56,25533563
2026-04-28,503.54,518.84,488.23,504.29,26439599
2026-04-29,526.72,531.02,508.8,518.46,22217467
2026-04-30,529.72,535.5,502.57,517.16,20695759
2026-05-01,511.8,545.91,510.21,542.21,32195609
2026-05-04,560.62,592.8,557.68,576.45,33212382
2026-05-05,609.65,651.74,605.47,640.2,46373393
2026-05-06,660.37,667.67,627.58,666.59,37887361
2026-05-07,649.83,683.09,635.42,646.63,34974123
2026-05-08,676.46,747.21,676.19,746.81,47346082
2026-05-11,792.98,818.67,768,795.33,48501705
2026-05-12,774.7,782.76,706.6,766.58,54528433
2026-05-13,812.76,814.95,779.47,803.63,37603363
2026-05-14,787.53,812,775.63,776.01,30170234
2026-05-15,732.66,749.59,719,724.66,31671053
2026-05-18,750.77,756.64,663.25,681.54,42338496
2026-05-19,665.06,725.95,652.21,698.74,46361673
2026-05-20,735.22,735.68,700.66,731.99,33746948
2026-05-21,736.29,764.9,732.2,762.1,30403253
2026-05-22,756.82,780.2,747.2,751,25431205
2026-05-26,820.65,916.8,820.29,895.88,52543484
2026-05-27,955.47,956.16,888.15,928.41,47538119
2026-05-28,930.28,949.49,904.78,923.52,34341821
2026-05-29,957.01,981,940.51,971,37682229
2026-06-01,1009.81,1046.97,1009.5,1035.5,31209951
2026-06-02,1050,1076.56,1017.2,1064.1,30697983
2026-06-03,1078.73,1089.29,1038.5,1079.57,26766704
2026-06-04,1007.1,1036.37,971.68,996,35472750
2026-06-05,944.4,961.89,864.01,864.01,49224702
2026-06-08,938.56,962.95,916.5,949.28,35380484
2026-06-09,988.35,989.15,854.35,935.89,52613506
2026-06-10,905.13,957.48,883.25,891.88,37953513
2026-06-11,904.37,996.77,895.5,995.87,39980456
2026-06-12,971.73,1012.62,960.19,981.61,28506088
2026-06-15,1055.99,1097.47,1051.5,1087.99,28480426
2026-06-16,1099.72,1110.4,1020,1020.76,28978763
2026-06-17,1061.72,1093.67,1014.14,1043.19,31614988
2026-06-18,1108.07,1149.43,1092.79,1133.99,34137706
2026-06-22,1196.62,1213.56,1168.57,1211.38,30379054
2026-06-23,1079.96,1125,1038.5,1051.77,34379609
2026-06-24,1082.93,1083.42,991.1,1048.51,34565032
2026-06-25,1234.49,1255,1136.31,1213.56,52154920
2026-06-26,1139.5,1198.72,1121.36,1132.33,38259403
2026-06-29,1128.7,1148.79,1023.65,1145.28,41320880
2026-06-30,1144.73,1168.68,1124.66,1154.29,25015828
2026-07-01,1082.01,1097,1032.2,1032.28,30360282
2026-07-02,1041.28,1064.64,950.28,975.56,39945039
2026-07-06,1007,1019,980.85,984.75,23603688
2026-07-07,922.68,941.35,891.66,938.38,34996498
2026-07-08,902.4,959,900.41,948.8,25091944
2026-07-09,1016.11,1035.5,987.13,991.64,24180481
2026-07-10,965.08,998,954.13,979.3,20954647
2026-07-13,929,943.5,902.6,937,21861669
2026-07-14,988.65,994.8,950.07,983.12,18446454
2026-07-15,975.37,978.4,873.63,904.28,36498569
2026-07-16,866.69,887.71,840.51,853.2,30274983
2026-07-17,822.53,903.96,804,848.95,43516435
2026-07-20,885.64,900.99,858.9,865.46,24738275
2026-07-21,925.53,982.88,916.57,970.82,32787879
2026-07-22,938.25,982.62,936.06,959.48,20009737
2026-07-23,975.29,1011.77,964.4,990.21,26874550
2026-07-24,959.44,967.14,904,920.95,26623367
2026-07-27,932.66,935,854.79,900.2,31565365
2026-07-28,841.57,848.58,789.09,820.53,36803673
2026-07-29,832.84,841.8,737.88,739,45404051
2026-07-30,792.74,882.5,789,874.66,39743930
2026-07-31,919.58,930.88,818,823.03,37045199
2026-08-03,786.36,836.62,770.1,829.5,28229382
2026-08-04,866.25,901.56,858.5,892.67,22014907
2026-08-05,885.3,928.98,881.2,893.19,21827998
2026-08-06,843.11,913.33,827,881.47,23673669
2026-08-07,903.6,904.8,847.02,877.57,23455154
2026-08-10,863.67,894.99,854.4,861,18012965
2026-08-11,872.04,879,844.62,868.52,20087909
2026-08-12,913,935.8,899.54,911.29,23419901
2026-08-13,912.44,978,906.5,949.83,25926672
2026-08-14,979.32,984,956.2,971.66,19059354
2026-08-17,1000.4,1036.13,995.07,1011.75,21436033
2026-08-18,957.1,978.67,926.64,940.76,22406835
2026-08-19,959.47,960,915.18,937.11,16659076
2026-08-20,935.02,977.28,929.07,974.33,17353716
2026-08-21,989.55,989.96,958.26,966.78,13085053
